node,community
Red_Hot_Chili_Peppers,1
The_Cure,1
April_Wine,0
Bachman–Turner_Overdrive,0
Soundgarden,1
The_Byrds,0
Sonic_Youth,2
Genesis_(band),0
Kaiser_Chiefs,2
Cheap_Trick,1
Alanis_Morissette,2
The_Guess_Who,0
Hootie_&_the_Blowfish,2
White_Zombie_(band),1
Mitch_Ryder,0
38_Special_(band),0
Jim_Croce,0
Dashboard_Confessional,2
Poison_(American_band),1
Michael_Martin_Murphey,0
New_York_Dolls,2
Pop_Evil,1
The_Kinks,0
Hall_&_Oates,0
Alter_Bridge,1
Led_Zeppelin,1
Fleetwood_Mac,0
Beastie_Boys,1
Pantera,1
Elton_John,0
Interpol_(band),2
ZZ_Top,1
The_Big_Bopper,0
Ramones,2
Billy_Idol,2
Kings_of_Leon,2
Funkadelic,1
"Emerson,_Lake_&_Palmer",0
Sam_Fender,0
Boys_Like_Girls,2
Chevelle_(band),1
The_Offspring,1
Roxy_Music,0
Uriah_Heep_(band),0
Bring_Me_the_Horizon,1
The_Beach_Boys,0
Lifehouse_(band),2
Black_Sabbath,1
Weezer,2
Queensrÿche,1
rock_music,0
No_Doubt,2
Elvis_Presley,0
Anthrax_(American_band),1
Chicago_(band),0
Accept_(band),1
Hoobastank,1
The_Alan_Parsons_Project,0
Saving_Abel,1
Vampire_Weekend,2
Bowling_for_Soup,2
The_Everly_Brothers,0
Parliament_(band),1
Daughtry_(band),1
AC/DC,1
Korn,1
Florence_and_the_Machine,2
Counting_Crows,2
Manfred_Mann,0
The_All-American_Rejects,2
Gin_Blossoms,2
Third_Eye_Blind,2
Kid_Rock,1
Skid_Row_(American_band),1
Faces_(band),0
ABBA,0
T._Rex_(band),2
Cream_(band),0
Marilyn_Manson_(band),1
Journey_(band),0
Edgar_Winter,0
Joe_Cocker,0
Paul_McCartney_and_Wings,0
Silverchair,1
Train_(band),2
"Crosby,_Stills,_Nash_&_Young",0
Stevie_Nicks,0
Stevie_Ray_Vaughan,0
The_Velvet_Underground,2
Black_Stone_Cherry,1
Creedence_Clearwater_Revival,0
Jimi_Hendrix,0
Panic!_at_the_Disco,2
Ghost_(Swedish_band),1
Primus_(band),1
The_Clash,2
Foster_the_People,2
Tom_Petty_and_the_Heartbreakers,0
Rammstein,1
Everclear_(band),2
Slipknot_(band),1
Peter_Gabriel,0
Buddy_Holly,0
Mudvayne,1
Harry_Chapin,0
Survivor_(band),0
AFI_(band),2
Ian_Dury,0
Thirty_Seconds_to_Mars,1
Ringo_Starr,0
X_(American_band),2
The_Fixx,0
The_Beatles,0
Chris_de_Burgh,0
A_Perfect_Circle,1
Tenacious_D,1
Heart_(band),1
Social_Distortion,2
The_Boxtones,2
311_(band),1
Phil_Collins,0
Bill_Haley_&_His_Comets,0
Neil_Young,0
The_Go-Go's,0
Manfred_Mann_(musician),0
Blue_October,2
Janis_Joplin,0
Slade,0
Van_Halen,1
Sublime_(band),1
Skillet_(band),1
Tommy_James_and_the_Shondells,2
Steppenwolf_(band),0
Simple_Minds,2
Coldplay,2
Styx_(band),0
Air_Supply,0
Europe_(band),1
Seether,1
Badfinger,0
Beck,2
Creed_(band),1
Ted_Nugent,0
Bruce_Springsteen,0
Highly_Suspect,1
Bullet_for_My_Valentine,1
Sublime_with_Rome,1
Velvet_Revolver,1
Harry_Nilsson,0
The_Verve,2
Pixies_(band),2
Manfred_Mann_Chapter_Three,0
Chuck_Berry,0
Filter_(band),1
Sum_41,1
Pink_Floyd,1
The_Marshall_Tucker_Band,0
Steve_Vai,1
Stone_Temple_Pilots,1
Three_Days_Grace,1
Muse_(band),1
Paul_McCartney,0
Extreme_(band),1
Ratt,1
Bay_City_Rollers,2
Bryan_Ferry,0
Death_Cab_for_Cutie,2
George_Thorogood,0
Lynyrd_Skynyrd,0
Bob_Dylan,0
The_Sweet,0
Icehouse_(band),2
Parliament-Funkadelic,1
The_Cranberries,2
Status_Quo_(band),0
Kaleo_(band),0
Pat_Benatar,0
Bloodhound_Gang,2
Drowning_Pool,1
The_Rolling_Stones,0
Blue_Öyster_Cult,1
U2,2
Alice_Cooper,1
John_Mayer,0
Eagles_(band),0
Morrissey,2
Starship_(band),0
Smash_Mouth,2
Volbeat,1
America_(band),0
Ritchie_Valens,0
Linkin_Park,1
Modest_Mouse,2
Blur_(band),2
John_Fogerty,0
Hinder,1
10_Years_(band),1
FireHouse,1
Donovan,0
The_Zombies,0
Boston_(band),1
James_Taylor,0
Saliva_(band),1
Chris_Rea,0
Bush_(British_band),1
Black_Veil_Brides,1
Peter_Frampton,0
My_Chemical_Romance,2
Sly_and_the_Family_Stone,1
John_Mayall,0
The_Cars,2
Little_River_Band,0
Dallas_Green_(musician),1
The_Cab,2
The_Black_Keys,2
Jerry_Lee_Lewis,0
Elvis_Costello,0
Judas_Priest,1
Toto_(band),0
Tracy_Chapman,0
Mike_and_the_Mechanics,0
Queens_of_the_Stone_Age,1
Smokie_(band),0
Steve_Winwood,0
Greta_Van_Fleet,0
Yes_(band),0
Gary_Glitter,0
David_Bowie,2
Three_Dog_Night,0
Roy_Orbison,0
The_Police,0
Alice_in_Chains,1
Live_(band),1
Deep_Purple,0
Fun_(band),2
The_Animals,0
Lacuna_Coil,1
Bee_Gees,0
Alice_Cooper_(band),1
The_Killers,2
Jeff_Buckley,2
Sex_Pistols,2
Grateful_Dead,0
Foals_(band),2
Guns_N'_Roses,1
Jet_(Australian_band),2
INXS,2
Kansas_(band),0
Duane_Eddy,0
Eddie_Money,0
Santana_(band),0
Chubby_Checker,0
Cake_(band),2
Adam_Ant,0
Megadeth,1
Flogging_Molly,2
Asia_(band),0
The_Cult,1
The_Pretty_Reckless,1
The_Fray,2
The_Monkees,0
Motörhead,1
Arctic_Monkeys,2
The_Allman_Brothers_Band,0
Dire_Straits,0
Good_Charlotte,2
Talking_Heads,2
Meat_Loaf,0
Rise_Against,2
Faith_No_More,1
Twisted_Sister,1
Jackson_Browne,0
Van_Morrison,0
The_Jam,0
Men_at_Work,2
Garbage_(band),1
The_Smashing_Pumpkins,1
Foo_Fighters,1
Sheryl_Crow,0
Melissa_Etheridge,0
Midnight_Oil,2
Halestorm,1
P.O.D.,1
Small_Faces,0
Goo_Goo_Dolls,2
Jefferson_Airplane,0
Jack_White,2
Electric_Light_Orchestra,0
Ambrosia_(band),0
Kenny_Loggins,0
John_Mayall_&_the_Bluesbreakers,0
Canned_Heat,0
The_Presidents_of_the_United_States_of_America_(band),1
Theory_of_a_Deadman,1
Simple_Plan,2
Simon_&_Garfunkel,0
Avenged_Sevenfold,1
Thin_Lizzy,0
John_Mellencamp,0
Joy_Division,2
Scorpions_(band),1
Jefferson_Starship,0
The_Moody_Blues,0
Slayer,1
Damn_Yankees_(band),0
Crowded_House,2
Eric_Clapton,0
Nine_Inch_Nails,1
Great_White,1
The_Bangles,0
The_Four_Seasons_(band),0
Disturbed_(band),1
Tom_Petty,0
Lamb_of_God_(band),1
Twenty_One_Pilots,2
The_Dave_Clark_Five,0
The_Mamas_&_the_Papas,0
Aerosmith,1
The_Jesus_and_Mary_Chain,2
Metallica,1
W.A.S.P._(band),1
Puddle_of_Mudd,1
Gene_Vincent,0
Flyleaf_(band),1
Audioslave,1
Shinedown,1
Oasis_(band),2
Rod_Stewart,0
Echo_&_the_Bunnymen,2
Duran_Duran,2
Huey_Lewis_and_the_News,0
Limp_Bizkit,1
Mötley_Crüe,1
Traveling_Wilburys,0
Joe_Satriani,0
Jane's_Addiction,1
Lou_Reed,2
Sepultura,1
X_Ambassadors,2
The_Yardbirds,0
John_Lennon,0
UB40,0
Mumford_&_Sons,2
Trivium_(band),1
Fall_Out_Boy,2
Foreigner_(band),0
Steve_Miller_Band,0
Breaking_Benjamin,1
Five_Finger_Death_Punch,1
Nickelback,1
The_Who,0
Dio_(band),1
Steely_Dan,0
Manfred_Mann's_Earth_Band,0
Iron_Maiden,1
Imagine_Dragons,2
Incubus_(band),1
Matchbox_Twenty,2
Living_Colour,1
Montgomery_Gentry,0
The_Tragically_Hip,1
Fats_Domino,0
Radiohead,2
Robert_Plant,0
The_Doobie_Brothers,0
Everlast,0
Hole_(band),1
Bo_Diddley,0
Quiet_Riot,1
Sting_(musician),0
Staind,1
Awolnation,2
Catfish_and_the_Bottlemen,2
Buckcherry,1
Rage_Against_the_Machine,1
REO_Speedwagon,0
Linda_Ronstadt,0
Fuel_(band),1
R.E.M.,2
Five_for_Fighting,0
Loverboy,0
Glenn_Frey,0
Rob_Zombie,1
The_Flaming_Lips,2
Billy_Talent,1
Bryan_Adams,0
Billy_Squier,0
The_Used,2
The_J._Geils_Band,0
Godsmack,1
Lenny_Kravitz,0
Rainbow_(rock_band),0
Arcade_Fire,2
Joan_Jett,1
Blues_Traveler,0
Rush_(band),1
The_Band,0
Days_of_the_New,1
Grand_Funk_Railroad,0
The_Lovin'_Spoonful,0
Thousand_Foot_Krutch,1
The_Mothers_of_Invention,0
Starset,1
The_B-52's,2
Jethro_Tull_(band),0
Frank_Zappa,0
Iggy_Pop,2
Whitesnake,0
Killswitch_Engage,1
Tesla_(band),1
Our_Lady_Peace,1
The_White_Stripes,2
Travis_(band),0
The_Lumineers,2
10cc,0
Green_Day,2
Keane_(band),2
Bad_Company,0
Supertramp,0
Chris_Cornell,1
Bon_Jovi,1
Dave_Matthews_Band,2
Queen_(band),0
The_Strokes,2
The_Smiths,2
Eddie_Cochran,0
The_Stone_Roses,2
Herman's_Hermits,0
Snow_Patrol,2
Ozzy_Osbourne,1
George_Harrison,0
Cold_Chisel,0
Van_Zant_(band),0
Ben_Folds_Five,2
The_Pretenders,2
Cage_the_Elephant,2
Christopher_Cross,0
Shakin'_Stevens,0
Dropkick_Murphys,2
Don_Henley,0
Jimmy_Eat_World,2
The_Hives,2
Collective_Soul,2
Stone_Sour,1
Tool_(band),1
Golden_Earring,0
Run-DMC,1
Sixto_Rodriguez,0
Papa_Roach,1
Paramore,2
Blink-182,2
Depeche_Mode,1
England_Dan_&_John_Ford_Coley,0
Pearl_Jam,1
Traffic_(band),0
Franz_Ferdinand_(band),2
Billy_Joel,0
Cinderella_(band),1
Evanescence,1
Dan_Fogelberg,0
The_Outfield,1
Charlie_Daniels,0
Def_Leppard,1
Little_Richard,0
Joe_Walsh,0
The_Script,2
James_Blunt,0
Avril_Lavigne,2
The_Hollies,0
Ten_Years_After,0
The_Doors,1
Finger_Eleven,1
The_Black_Crowes,1
Nirvana_(band),1
Marilyn_Manson,1
Bob_Seger,0
Blondie_(band),2
Warrant_(American_band),1
Barenaked_Ladies,2
Crash_Test_Dummies,2
Kiss_(band),1
Royal_Blood_(band),2
Deftones,1
System_of_a_Down,1
Bread_(band),0
The_Cardigans,2
3_Doors_Down,1
Coheed_and_Cambria,1
AC_DC,1
